Name, Tap, Min, Max, Step, Position
trans_n650-n630,  1.10000,  0.90000,  1.10000,  0.00625, 16
